participant_id,repetition,position,presented_letter,response_letter,correct
3,1,1,T,F,False
3,1,2,F,B,False
3,1,3,B,C,False
3,1,4,C,N,False
3,1,5,N,M,False
3,1,6,H,H,True
3,1,7,M,,False
3,2,1,D,D,True
3,2,2,M,M,True
3,2,3,E,B,False
3,2,4,B,P,False
3,2,5,P,H,False
3,2,6,H,C,False
3,2,7,C,,False
3,3,1,X,X,True
3,3,2,V,V,True
3,3,3,T,C,False
3,3,4,D,T,False
3,3,5,S,M,False
3,3,6,C,N,False
3,3,7,N,,False
3,4,1,W,X,False
3,4,2,N,G,False
3,4,3,X,E,False
3,4,4,G,C,False
3,4,5,E,D,False
3,4,6,C,,False
3,4,7,D,,False
3,5,1,B,W,False
3,5,2,H,H,True
3,5,3,S,S,True
3,5,4,W,T,False
3,5,5,T,B,False
3,5,6,P,X,False
3,5,7,F,N,False
