participant_id,repetition,condition,position,presented_word,response_word,correct
2,1,chunking_a,1,hand,hand,True
2,1,chunking_a,2,painter,painter,True
2,1,chunking_a,3,dress,axe,False
2,1,chunking_a,4,thumb,goose,False
2,1,chunking_a,5,clamp,tractor,False
2,1,chunking_a,6,goose,,False
2,1,chunking_a,7,tractor,,False
2,1,chunking_b,1,pliers,pliers,True
2,1,chunking_b,2,nail,nail,True
2,1,chunking_b,3,hammer,hammer,True
2,1,chunking_b,4,scissors,scissor,False
2,1,chunking_b,5,ladder,,False
2,1,chunking_b,6,ruler,,False
2,1,chunking_b,7,wire,,False
2,2,chunking_a,1,bean,bean,True
2,2,chunking_a,2,pigeon,pigeon,True
2,2,chunking_a,3,cow,cow,True
2,2,chunking_a,4,bed,bed,True
2,2,chunking_a,5,piano,piano,True
2,2,chunking_a,6,sock,,False
2,2,chunking_a,7,doctor,,False
2,2,chunking_b,1,crow,crow,True
2,2,chunking_b,2,sparrow,seagull,False
2,2,chunking_b,3,seagull,a,False
2,2,chunking_b,4,duck,a,False
2,2,chunking_b,5,heron,heron,True
2,2,chunking_b,6,magpie,magpie,True
2,2,chunking_b,7,goose,goose,True
2,3,chunking_a,1,camel,camel,True
2,3,chunking_a,2,espresso,espresso,True
2,3,chunking_a,3,couch,soda,False
2,3,chunking_a,4,soda,belt,False
2,3,chunking_a,5,belt,chess,False
2,3,chunking_a,6,chair,cheek,False
2,3,chunking_a,7,cheek,,False
2,3,chunking_b,1,magpie,magpie,True
2,3,chunking_b,2,goose,goose,True
2,3,chunking_b,3,finch,pincher,False
2,3,chunking_b,4,crow,seagull,False
2,3,chunking_b,5,seagull,heron,False
2,3,chunking_b,6,woodpecker,,False
2,3,chunking_b,7,falcon,,False
2,4,chunking_a,1,running,running,True
2,4,chunking_a,2,punch,punch,True
2,4,chunking_a,3,shoulder,blouse,False
2,4,chunking_a,4,blouse,b,False
2,4,chunking_a,5,magpie,magpie,True
2,4,chunking_a,6,jeans,,False
2,4,chunking_a,7,hawk,,False
2,4,chunking_b,1,accordion,accordion,True
2,4,chunking_b,2,harp,harp,True
2,4,chunking_b,3,piano,piano,True
2,4,chunking_b,4,trumpet,guitar,False
2,4,chunking_b,5,clarinet,clarinet,True
2,4,chunking_b,6,cymbal,cymbal,True
2,4,chunking_b,7,guitar,,False
