participant_id,repetition,position,presented_letter,response_letter,correct
2,1,1,M,W,False
2,1,2,B,P,False
2,1,3,S,R,False
2,1,4,V,S,False
2,1,5,G,L,False
2,1,6,P,M,False
2,1,7,F,,False
2,2,1,S,S,True
2,2,2,E,E,True
2,2,3,C,,False
2,2,4,V,,False
2,2,5,G,,False
2,2,6,D,,False
2,2,7,P,,False
2,3,1,V,V,True
2,3,2,G,G,True
2,3,3,T,T,True
2,3,4,M,W,False
2,3,5,W,R,False
2,3,6,P,S,False
2,3,7,X,C,False
2,4,1,T,T,True
2,4,2,P,P,True
2,4,3,V,V,True
2,4,4,H,D,False
2,4,5,S,E,False
2,4,6,D,S,False
2,4,7,E,C,False
